<?xml version="1.0" encoding="UTF-8"?>
<project-private xmlns="http://www.netbeans.org/ns/project-private/1">
    <editor-bookmarks xmlns="http://www.netbeans.org/ns/editor-bookmarks/2" lastBookmarkId="0"/>
    <open-files xmlns="http://www.netbeans.org/ns/projectui-open-files/2">
        <group>
            <file>file:/C:/Users/Usuario/Desktop/Ciclo%202023-2/Programación%20Orientada%20a%20Objetos/Semana%2011%20-%20Interfaces/Examen%20%233/examen3/Examen/src/paquete/clases/Especies.java</file>
            <file>file:/C:/Users/Usuario/Desktop/Ciclo%202023-2/Programación%20Orientada%20a%20Objetos/Semana%2011%20-%20Interfaces/Examen%20%233/examen3/Examen/src/paquete/arreglos/RegistroProductos.java</file>
        </group>
    </open-files>
</project-private>
