<?xml version="1.0" encoding="UTF-8"?>
<project-private xmlns="http://www.netbeans.org/ns/project-private/1">
    <editor-bookmarks xmlns="http://www.netbeans.org/ns/editor-bookmarks/2" lastBookmarkId="0"/>
    <open-files xmlns="http://www.netbeans.org/ns/projectui-open-files/2">
        <group>
            <file>file:/C:/Users/Usuario/Desktop/Ciclo%202023-2/Programación%20Orientada%20a%20Objetos/Semana%209/Herencia2/Herencia2/src/paquete/clases/Punto2D.java</file>
            <file>file:/C:/Users/Usuario/Desktop/Ciclo%202023-2/Programación%20Orientada%20a%20Objetos/Semana%209/Herencia2/Herencia2/src/paquete/clases/Punto3D.java</file>
        </group>
    </open-files>
</project-private>
