<?xml version="1.0" encoding="UTF-8"?>
<project-private xmlns="http://www.netbeans.org/ns/project-private/1">
    <editor-bookmarks xmlns="http://www.netbeans.org/ns/editor-bookmarks/2" lastBookmarkId="0"/>
    <open-files xmlns="http://www.netbeans.org/ns/projectui-open-files/2">
        <group>
            <file>file:/C:/Users/Usuario/Desktop/Ciclo%202024-1/Estructuras%20de%20Datos%20y%20Algoritmos/Semana%207/13%20de%20Mayo/Colas/src/colas/PruebaCola.java</file>
            <file>file:/C:/Users/Usuario/Desktop/Ciclo%202024-1/Estructuras%20de%20Datos%20y%20Algoritmos/Semana%207/13%20de%20Mayo/Colas/src/colas/Cola.java</file>
        </group>
    </open-files>
</project-private>
