<?xml version="1.0" encoding="UTF-8"?>
<project-private xmlns="http://www.netbeans.org/ns/project-private/1">
    <editor-bookmarks xmlns="http://www.netbeans.org/ns/editor-bookmarks/2" lastBookmarkId="0"/>
    <open-files xmlns="http://www.netbeans.org/ns/projectui-open-files/2">
        <group>
            <file>file:/C:/Users/Usuario/Desktop/Ciclo%202024-1/Estructuras%20de%20Datos%20y%20Algoritmos/Ejercicios%20Propuestos/S011-%20Grafos/TDAGrafo/DemoGrafo/src/Ejercicio_4/TDAGrafo.java</file>
            <file>file:/C:/Users/Usuario/Desktop/Ciclo%202024-1/Estructuras%20de%20Datos%20y%20Algoritmos/Ejercicios%20Propuestos/S011-%20Grafos/TDAGrafo/DemoGrafo/src/Ejercicio_5/DemoGrafo.java</file>
            <file>file:/C:/Users/Usuario/Desktop/Ciclo%202024-1/Estructuras%20de%20Datos%20y%20Algoritmos/Ejercicios%20Propuestos/S011-%20Grafos/TDAGrafo/DemoGrafo/src/Ejercicio_3/DemoGrafo.java</file>
            <file>file:/C:/Users/Usuario/Desktop/Ciclo%202024-1/Estructuras%20de%20Datos%20y%20Algoritmos/Ejercicios%20Propuestos/S011-%20Grafos/TDAGrafo/DemoGrafo/src/Ejercicio_3/TDAGrafo.java</file>
            <file>file:/C:/Users/Usuario/Desktop/Ciclo%202024-1/Estructuras%20de%20Datos%20y%20Algoritmos/Ejercicios%20Propuestos/S011-%20Grafos/TDAGrafo/DemoGrafo/src/demografo/DemoGrafo.java</file>
            <file>file:/C:/Users/Usuario/Desktop/Ciclo%202024-1/Estructuras%20de%20Datos%20y%20Algoritmos/Ejercicios%20Propuestos/S011-%20Grafos/TDAGrafo/DemoGrafo/src/Ejercicio_4/Ejercicio_4.java</file>
            <file>file:/C:/Users/Usuario/Desktop/Ciclo%202024-1/Estructuras%20de%20Datos%20y%20Algoritmos/Ejercicios%20Propuestos/S011-%20Grafos/TDAGrafo/DemoGrafo/src/Ejercicio_6/TDAGrafo.java</file>
            <file>file:/C:/Users/Usuario/Desktop/Ciclo%202024-1/Estructuras%20de%20Datos%20y%20Algoritmos/Ejercicios%20Propuestos/S011-%20Grafos/TDAGrafo/DemoGrafo/src/Ejercicio_6/DemoGrafo.java</file>
            <file>file:/C:/Users/Usuario/Desktop/Ciclo%202024-1/Estructuras%20de%20Datos%20y%20Algoritmos/Ejercicios%20Propuestos/S011-%20Grafos/TDAGrafo/DemoGrafo/src/demografo/TDAGrafo.java</file>
            <file>file:/C:/Users/Usuario/Desktop/Ciclo%202024-1/Estructuras%20de%20Datos%20y%20Algoritmos/Ejercicios%20Propuestos/S011-%20Grafos/TDAGrafo/DemoGrafo/src/Ejercicio_5/TDAGrafo.java</file>
        </group>
    </open-files>
</project-private>
